"Sıra";"Dosya adı";"Okunacak cümle";"Tür";"Nasıl okunmalı"
"1";"3dcb88d9.mp3";"Bir!";"Sayı";"Tek kelime; net, enerjik, kısa. Sonda sessizlik bırakın."
"2";"666bc6fa.mp3";"İki!";"Sayı";"Tek kelime; net, enerjik, kısa. Sonda sessizlik bırakın."
"3";"4fa0b24f.mp3";"Üç!";"Sayı";"Tek kelime; net, enerjik, kısa. Sonda sessizlik bırakın."
"4";"b511f948.mp3";"Dört!";"Sayı";"Tek kelime; net, enerjik, kısa. Sonda sessizlik bırakın."
"5";"34513aa4.mp3";"Beş!";"Sayı";"Tek kelime; net, enerjik, kısa. Sonda sessizlik bırakın."
"6";"8f907022.mp3";"Altı!";"Sayı";"Tek kelime; net, enerjik, kısa. Sonda sessizlik bırakın."
"7";"b270403f.mp3";"Yedi!";"Sayı";"Tek kelime; net, enerjik, kısa. Sonda sessizlik bırakın."
"8";"3a292688.mp3";"Sekiz!";"Sayı";"Tek kelime; net, enerjik, kısa. Sonda sessizlik bırakın."
"9";"9144b555.mp3";"Dokuz!";"Sayı";"Tek kelime; net, enerjik, kısa. Sonda sessizlik bırakın."
"10";"58b21003.mp3";"On!";"Sayı";"Tek kelime; net, enerjik, kısa. Sonda sessizlik bırakın."
"11";"377b6a41.mp3";"Başla!";"Sayı";"Tek kelime; net, enerjik, kısa. Sonda sessizlik bırakın."
"12";"8efbca81.mp3";"Süper! Yaptıysan, Yaptım düğmesine bas!";"Kutlama";"Neşeli, coşkulu, gülümseyerek."
"13";"a809a411.mp3";"Aferin!";"Kutlama";"Neşeli, coşkulu, gülümseyerek."
"14";"7aab9882.mp3";"Yola çıkıyoruz!";"Yönlendirme";"Sıcak, samimi, sakin bir hızla."
"15";"acf16515.mp3";"Önce sıradaki durağı bitirelim!";"Yönlendirme";"Sıcak, samimi, sakin bir hızla."
"16";"306aed11.mp3";"Tebrikler! Türkiye turunu bitirdin!";"Kutlama";"Neşeli, coşkulu, gülümseyerek."
"17";"0dad5168.mp3";"Türkiye turuna hoş geldin! İlk durağımız İstanbul. Dokun ve başla!";"Yönlendirme";"Sıcak, samimi, sakin bir hızla."
"18";"066a94e7.mp3";"Pasaportun için bir karakter seç!";"Yönlendirme";"Sıcak, samimi, sakin bir hızla."
"19";"835cfd0e.mp3";"Bu senin pasaportun! Önce kendine bir karakter seç. Adını da bir büyüğüne yazdırabilirsin.";"Yönlendirme";"Sıcak, samimi, sakin bir hızla."
"20";"95d3e26d.mp3";"Harika! Şimdi damga toplamaya başlayalım!";"Kutlama";"Neşeli, coşkulu, gülümseyerek."
"21";"824042f4.mp3";"Merhaba gezgin! Hadi ilk damganı kazanalım!";"Yönlendirme";"Sıcak, samimi, sakin bir hızla."
"22";"91c7f93f.mp3";"Tebrikler gezgin! Türkiye Gezgini sertifikanı kazandın!";"Kutlama";"Neşeli, coşkulu, gülümseyerek."
"23";"735dc966.mp3";"Dünya Harikaları turuna hoş geldin! İlk durağımız Efes. Dokun ve başla!";"Kutlama";"Neşeli, coşkulu, gülümseyerek."
"24";"d5ea8d28.mp3";"İnanılmaz! Dünyanın bütün harikalarını gezdin!";"Kutlama";"Neşeli, coşkulu, gülümseyerek."
"25";"cc5851bb.mp3";"Dünya turu, Türkiye turunu bitirince açılacak!";"Yönlendirme";"Sıcak, samimi, sakin bir hızla."
"26";"5f651f01.mp3";"Uzay yolculuğuna hoş geldin! İlk durağımız, Güneş’e en yakın gezegen Merkür. Dokun ve başla!";"Yönlendirme";"Sıcak, samimi, sakin bir hızla."
"27";"8556b162.mp3";"Muhteşem! Bütün gezegenleri gezdin, gerçek bir uzay yolcususun!";"Kutlama";"Neşeli, coşkulu, gülümseyerek."
"28";"6472860b.mp3";"Uzay yolculuğu, dünya turunu bitirince açılacak!";"Yönlendirme";"Sıcak, samimi, sakin bir hızla."
"29";"c6999b6e.mp3";"Büyük maceraya hoş geldin! Bir bölüm seç!";"Yönlendirme";"Sıcak, samimi, sakin bir hızla."
"30";"5dd3e22f.mp3";"Bu bölüm çok yakında geliyor!";"Yönlendirme";"Sıcak, samimi, sakin bir hızla."
"31";"25700c94.mp3";"Tebrikler gezgin! Dünya Kâşifi sertifikanı kazandın!";"Kutlama";"Neşeli, coşkulu, gülümseyerek."
"32";"695249bd.mp3";"Tebrikler gezgin! Uzay Yolcusu sertifikanı kazandın!";"Kutlama";"Neşeli, coşkulu, gülümseyerek."
"33";"42fa946d.mp3";"Hadi bakalım! Beş kere zıpla!";"Hareket komutu";"Enerjik ama net; vücut parçasını vurgulayın (ör. ""DİZLERİNİ""). 6 yaş anlasın."
"34";"861b9c69.mp3";"Şimdi çömel ve kalk. Beş kere!";"Hareket komutu";"Enerjik ama net; vücut parçasını vurgulayın (ör. ""DİZLERİNİ""). 6 yaş anlasın."
"35";"aab52d8a.mp3";"Yerinde koş! On saniye!";"Hareket komutu";"Enerjik ama net; vücut parçasını vurgulayın (ör. ""DİZLERİNİ""). 6 yaş anlasın."
"36";"4de86fcb.mp3";"Dizlerini sırayla yukarı kaldır! Bir bu dizin, bir öbür dizin!";"Hareket komutu";"Enerjik ama net; vücut parçasını vurgulayın (ör. ""DİZLERİNİ""). 6 yaş anlasın."
"37";"9c280fdf.mp3";"Kollarını yukarı kaldır, sonra aşağı indir! Altı kere!";"Hareket komutu";"Enerjik ama net; vücut parçasını vurgulayın (ör. ""DİZLERİNİ""). 6 yaş anlasın."
"38";"fe261703.mp3";"Zıpla, ayaklarını aç! Zıpla, kapa! Beş kere!";"Hareket komutu";"Enerjik ama net; vücut parçasını vurgulayın (ör. ""DİZLERİNİ""). 6 yaş anlasın."
"39";"514ee48a.mp3";"Parmak uçlarında yüksel, ellerinle gökyüzüne uzan! Üç kere!";"Hareket komutu";"Enerjik ama net; vücut parçasını vurgulayın (ör. ""DİZLERİNİ""). 6 yaş anlasın."
"40";"3717de15.mp3";"Önce ısınalım! Kollarını yukarı kaldır, aşağı indir!";"Hareket komutu";"Enerjik ama net; vücut parçasını vurgulayın (ör. ""DİZLERİNİ""). 6 yaş anlasın."
"41";"8f26d715.mp3";"Harika gidiyorsun! Şimdi yavaşça kollarını kaldır ve derin bir nefes al. Sonra indir.";"Soğuma";"Sakin, yavaş, yumuşak; nefes alır gibi."
"42";"1fc6b749.mp3";"Tilki! Harika seçim!";"Kutlama";"Neşeli, coşkulu, gülümseyerek."
"43";"ea2f49d9.mp3";"Ayı! Harika seçim!";"Kutlama";"Neşeli, coşkulu, gülümseyerek."
"44";"22b66656.mp3";"Panda! Harika seçim!";"Kutlama";"Neşeli, coşkulu, gülümseyerek."
"45";"44adf36d.mp3";"Kaplan! Harika seçim!";"Kutlama";"Neşeli, coşkulu, gülümseyerek."
"46";"6b3f537d.mp3";"Tavşan! Harika seçim!";"Kutlama";"Neşeli, coşkulu, gülümseyerek."
"47";"2f44b5b3.mp3";"Kurbağa! Harika seçim!";"Kutlama";"Neşeli, coşkulu, gülümseyerek."
"48";"acf5e34b.mp3";"Aslan! Harika seçim!";"Kutlama";"Neşeli, coşkulu, gülümseyerek."
"49";"2be61e85.mp3";"Kedi! Harika seçim!";"Kutlama";"Neşeli, coşkulu, gülümseyerek."
"50";"e8b89665.mp3";"Yeni rozet kazandın: İlk Adım!";"Kutlama";"Neşeli, coşkulu, gülümseyerek."
"51";"ef6a2bd9.mp3";"İlk Adım rozeti!";"Yönlendirme";"Sıcak, samimi, sakin bir hızla."
"52";"977a7892.mp3";"Bu rozeti kazanmak için: İlk hareketini tamamla.";"Yönlendirme";"Sıcak, samimi, sakin bir hızla."
"53";"d552e584.mp3";"Yeni rozet kazandın: İlk Damga!";"Kutlama";"Neşeli, coşkulu, gülümseyerek."
"54";"67248e40.mp3";"İlk Damga rozeti!";"Yönlendirme";"Sıcak, samimi, sakin bir hızla."
"55";"e1f96167.mp3";"Bu rozeti kazanmak için: İlk damganı kazan.";"Yönlendirme";"Sıcak, samimi, sakin bir hızla."
"56";"e8527756.mp3";"Yeni rozet kazandın: 100 Zıplama!";"Kutlama";"Neşeli, coşkulu, gülümseyerek."
"57";"ee875c22.mp3";"100 Zıplama rozeti!";"Yönlendirme";"Sıcak, samimi, sakin bir hızla."
"58";"4a686824.mp3";"Bu rozeti kazanmak için: Toplam 100 kez zıpla.";"Yönlendirme";"Sıcak, samimi, sakin bir hızla."
"59";"ec07c072.mp3";"Yeni rozet kazandın: 500 Zıplama!";"Kutlama";"Neşeli, coşkulu, gülümseyerek."
"60";"2bf7c30e.mp3";"500 Zıplama rozeti!";"Yönlendirme";"Sıcak, samimi, sakin bir hızla."
"61";"25ac69d8.mp3";"Bu rozeti kazanmak için: Toplam 500 kez zıpla.";"Yönlendirme";"Sıcak, samimi, sakin bir hızla."
"62";"eadc79c0.mp3";"Yeni rozet kazandın: 1000 Zıplama!";"Kutlama";"Neşeli, coşkulu, gülümseyerek."
"63";"85f6264a.mp3";"1000 Zıplama rozeti!";"Yönlendirme";"Sıcak, samimi, sakin bir hızla."
"64";"4dc6184c.mp3";"Bu rozeti kazanmak için: Toplam 1000 kez zıpla.";"Yönlendirme";"Sıcak, samimi, sakin bir hızla."
"65";"8475a3f8.mp3";"Yeni rozet kazandın: 50 Hareket!";"Kutlama";"Neşeli, coşkulu, gülümseyerek."
"66";"b310fe8e.mp3";"50 Hareket rozeti!";"Yönlendirme";"Sıcak, samimi, sakin bir hızla."
"67";"9e175642.mp3";"Bu rozeti kazanmak için: 50 hareket tamamla.";"Yönlendirme";"Sıcak, samimi, sakin bir hızla."
"68";"3f631835.mp3";"Yeni rozet kazandın: 200 Hareket!";"Kutlama";"Neşeli, coşkulu, gülümseyerek."
"69";"34135533.mp3";"200 Hareket rozeti!";"Yönlendirme";"Sıcak, samimi, sakin bir hızla."
"70";"86de4ab7.mp3";"Bu rozeti kazanmak için: 200 hareket tamamla.";"Yönlendirme";"Sıcak, samimi, sakin bir hızla."
"71";"ed4bb66d.mp3";"Yeni rozet kazandın: 10 Dakika!";"Kutlama";"Neşeli, coşkulu, gülümseyerek."
"72";"366cef6b.mp3";"10 Dakika rozeti!";"Yönlendirme";"Sıcak, samimi, sakin bir hızla."
"73";"4adcd444.mp3";"Bu rozeti kazanmak için: Toplam 10 dakika hareket et.";"Yönlendirme";"Sıcak, samimi, sakin bir hızla."
"74";"90a8c751.mp3";"Yeni rozet kazandın: 1 Saat!";"Kutlama";"Neşeli, coşkulu, gülümseyerek."
"75";"1c75456d.mp3";"1 Saat rozeti!";"Yönlendirme";"Sıcak, samimi, sakin bir hızla."
"76";"6c9848f1.mp3";"Bu rozeti kazanmak için: Toplam 60 dakika hareket et.";"Yönlendirme";"Sıcak, samimi, sakin bir hızla."
"77";"a3cffbbd.mp3";"Yeni rozet kazandın: 5 Saat!";"Kutlama";"Neşeli, coşkulu, gülümseyerek."
"78";"af883849.mp3";"5 Saat rozeti!";"Yönlendirme";"Sıcak, samimi, sakin bir hızla."
"79";"c7934dc2.mp3";"Bu rozeti kazanmak için: Toplam 5 saat hareket et.";"Yönlendirme";"Sıcak, samimi, sakin bir hızla."
"80";"d892cafb.mp3";"Yeni rozet kazandın: 3 Gün!";"Kutlama";"Neşeli, coşkulu, gülümseyerek."
"81";"782c9f5d.mp3";"3 Gün rozeti!";"Yönlendirme";"Sıcak, samimi, sakin bir hızla."
"82";"638e74ef.mp3";"Bu rozeti kazanmak için: 3 farklı günde oyna.";"Yönlendirme";"Sıcak, samimi, sakin bir hızla."
"83";"169ccd5f.mp3";"Yeni rozet kazandın: 7 Gün!";"Kutlama";"Neşeli, coşkulu, gülümseyerek."
"84";"662df581.mp3";"7 Gün rozeti!";"Yönlendirme";"Sıcak, samimi, sakin bir hızla."
"85";"70960bcb.mp3";"Bu rozeti kazanmak için: 7 farklı günde oyna.";"Yönlendirme";"Sıcak, samimi, sakin bir hızla."
"86";"d64d4f9d.mp3";"Yeni rozet kazandın: 30 Gün!";"Kutlama";"Neşeli, coşkulu, gülümseyerek."
"87";"5c68b401.mp3";"30 Gün rozeti!";"Yönlendirme";"Sıcak, samimi, sakin bir hızla."
"88";"287f6875.mp3";"Bu rozeti kazanmak için: 30 farklı günde oyna.";"Yönlendirme";"Sıcak, samimi, sakin bir hızla."
"89";"23e8f6a7.mp3";"Yeni rozet kazandın: Çömelme Ustası!";"Kutlama";"Neşeli, coşkulu, gülümseyerek."
"90";"5cdf43ff.mp3";"Çömelme Ustası rozeti!";"Yönlendirme";"Sıcak, samimi, sakin bir hızla."
"91";"5209d3ee.mp3";"Bu rozeti kazanmak için: 100 kez çömel.";"Yönlendirme";"Sıcak, samimi, sakin bir hızla."
"92";"f26d7cf3.mp3";"Yeni rozet kazandın: Diz Ustası!";"Kutlama";"Neşeli, coşkulu, gülümseyerek."
"93";"8fb95d17.mp3";"Diz Ustası rozeti!";"Yönlendirme";"Sıcak, samimi, sakin bir hızla."
"94";"02dec787.mp3";"Bu rozeti kazanmak için: 100 kez dizini kaldır.";"Yönlendirme";"Sıcak, samimi, sakin bir hızla."
"95";"db4ccd42.mp3";"Yeni rozet kazandın: Kol Ustası!";"Kutlama";"Neşeli, coşkulu, gülümseyerek."
"96";"c10269b4.mp3";"Kol Ustası rozeti!";"Yönlendirme";"Sıcak, samimi, sakin bir hızla."
"97";"b6bca41f.mp3";"Bu rozeti kazanmak için: 100 kez kollarını kaldır.";"Yönlendirme";"Sıcak, samimi, sakin bir hızla."
"98";"9b0a49b3.mp3";"Yeni rozet kazandın: Hareket Kâşifi!";"Kutlama";"Neşeli, coşkulu, gülümseyerek."
"99";"d4faee57.mp3";"Hareket Kâşifi rozeti!";"Yönlendirme";"Sıcak, samimi, sakin bir hızla."
"100";"025a43d1.mp3";"Bu rozeti kazanmak için: Her hareketi en az bir kez dene.";"Yönlendirme";"Sıcak, samimi, sakin bir hızla."
"101";"3820b2f4.mp3";"Yeni rozet kazandın: Hafta Sonu Sporcusu!";"Kutlama";"Neşeli, coşkulu, gülümseyerek."
"102";"0643fc28.mp3";"Hafta Sonu Sporcusu rozeti!";"Yönlendirme";"Sıcak, samimi, sakin bir hızla."
"103";"95a5b17d.mp3";"Bu rozeti kazanmak için: Bir hafta sonu oyna.";"Yönlendirme";"Sıcak, samimi, sakin bir hızla."
"104";"848696a0.mp3";"Yeni rozet kazandın: 10 Damga!";"Kutlama";"Neşeli, coşkulu, gülümseyerek."
"105";"8db082d6.mp3";"10 Damga rozeti!";"Yönlendirme";"Sıcak, samimi, sakin bir hızla."
"106";"aa844113.mp3";"Bu rozeti kazanmak için: 10 damga topla.";"Yönlendirme";"Sıcak, samimi, sakin bir hızla."
"107";"021bdd08.mp3";"Yeni rozet kazandın: Türkiye Gezgini!";"Kutlama";"Neşeli, coşkulu, gülümseyerek."
"108";"dcf3492c.mp3";"Türkiye Gezgini rozeti!";"Yönlendirme";"Sıcak, samimi, sakin bir hızla."
"109";"f497d3fe.mp3";"Bu rozeti kazanmak için: Türkiye Turu’nu bitir.";"Yönlendirme";"Sıcak, samimi, sakin bir hızla."
"110";"041a1c0d.mp3";"Yeni rozet kazandın: Dünya Kâşifi!";"Kutlama";"Neşeli, coşkulu, gülümseyerek."
"111";"1292b9f5.mp3";"Dünya Kâşifi rozeti!";"Yönlendirme";"Sıcak, samimi, sakin bir hızla."
"112";"ca678d94.mp3";"Bu rozeti kazanmak için: Dünya Harikaları’nı bitir.";"Kutlama";"Neşeli, coşkulu, gülümseyerek."
"113";"b2410fd6.mp3";"Yeni rozet kazandın: Uzay Yolcusu!";"Kutlama";"Neşeli, coşkulu, gülümseyerek."
"114";"329eb7f4.mp3";"Uzay Yolcusu rozeti!";"Yönlendirme";"Sıcak, samimi, sakin bir hızla."
"115";"47946f9e.mp3";"Bu rozeti kazanmak için: Uzay Yolculuğu’nu bitir.";"Yönlendirme";"Sıcak, samimi, sakin bir hızla."
"116";"e3cb5c44.mp3";"Burası kostüm dolabın! Hareket ettikçe yıldız kazanırsın, yıldızlarla yeni kostümler açılır.";"Yönlendirme";"Sıcak, samimi, sakin bir hızla."
"117";"63496cf5.mp3";"Ailece süpersiniz! Birlikte çok güzel hareket ettiniz!";"Kutlama";"Neşeli, coşkulu, gülümseyerek."
"118";"87815554.mp3";"Kamera gördü, harikasın!";"Kutlama";"Neşeli, coşkulu, gülümseyerek."
"119";"a32398b4.mp3";"Bir büyüğünü çağır, birlikte hareket edeceğiz! El ele tutun, kollarınızı yukarı kaldırın, aşağı indirin!";"Hareket komutu";"Enerjik ama net; vücut parçasını vurgulayın (ör. ""DİZLERİNİ""). 6 yaş anlasın."
"120";"c9b6dca0.mp3";"El ele tutun ve birlikte zıplayın! Beş kere!";"Hareket komutu";"Enerjik ama net; vücut parçasını vurgulayın (ör. ""DİZLERİNİ""). 6 yaş anlasın."
"121";"245b7d51.mp3";"Ayna oyunu! Büyüğün kollarını nasıl oynatırsa, sen de aynısını yap!";"Hareket komutu";"Enerjik ama net; vücut parçasını vurgulayın (ör. ""DİZLERİNİ""). 6 yaş anlasın."
"122";"7a47ca9f.mp3";"Karşılıklı el ele tutun. Birlikte çömelin ve kalkın! Beş kere!";"Hareket komutu";"Enerjik ama net; vücut parçasını vurgulayın (ör. ""DİZLERİNİ""). 6 yaş anlasın."
"123";"f2f80da5.mp3";"Şimdi birbirinize kocaman sarılın ve derin bir nefes alın. Üç kere!";"Soğuma";"Sakin, yavaş, yumuşak; nefes alır gibi."
"124";"25300cf3.mp3";"Kep çok yakıştı!";"Yönlendirme";"Sıcak, samimi, sakin bir hızla."
"125";"1ba9ccab.mp3";"Yeni kostüm açıldı: Kep!";"Kutlama";"Neşeli, coşkulu, gülümseyerek."
"126";"8c57b1a4.mp3";"Güneş Gözlüğü çok yakıştı!";"Yönlendirme";"Sıcak, samimi, sakin bir hızla."
"127";"6ba6e664.mp3";"Yeni kostüm açıldı: Güneş Gözlüğü!";"Kutlama";"Neşeli, coşkulu, gülümseyerek."
"128";"eebcd0d3.mp3";"Fiyonk çok yakıştı!";"Yönlendirme";"Sıcak, samimi, sakin bir hızla."
"129";"30217621.mp3";"Yeni kostüm açıldı: Fiyonk!";"Kutlama";"Neşeli, coşkulu, gülümseyerek."
"130";"8bdbf2fc.mp3";"Pelerin çok yakıştı!";"Yönlendirme";"Sıcak, samimi, sakin bir hızla."
"131";"c18550f8.mp3";"Yeni kostüm açıldı: Pelerin!";"Kutlama";"Neşeli, coşkulu, gülümseyerek."
"132";"01fe58ba.mp3";"Atkı çok yakıştı!";"Yönlendirme";"Sıcak, samimi, sakin bir hızla."
"133";"50a29c64.mp3";"Yeni kostüm açıldı: Atkı!";"Kutlama";"Neşeli, coşkulu, gülümseyerek."
"134";"00d95fb7.mp3";"Taç çok yakıştı!";"Yönlendirme";"Sıcak, samimi, sakin bir hızla."
"135";"96442197.mp3";"Yeni kostüm açıldı: Taç!";"Kutlama";"Neşeli, coşkulu, gülümseyerek."
"136";"49c69648.mp3";"Sihirbaz Şapkası çok yakıştı!";"Yönlendirme";"Sıcak, samimi, sakin bir hızla."
"137";"10c3bd56.mp3";"Yeni kostüm açıldı: Sihirbaz Şapkası!";"Kutlama";"Neşeli, coşkulu, gülümseyerek."
"138";"3602b1e1.mp3";"Kâşif Şapkası çok yakıştı!";"Yönlendirme";"Sıcak, samimi, sakin bir hızla."
"139";"fe9065d5.mp3";"Yeni kostüm açıldı: Kâşif Şapkası!";"Kutlama";"Neşeli, coşkulu, gülümseyerek."
"140";"a05f383e.mp3";"Astronot Kaskı çok yakıştı!";"Yönlendirme";"Sıcak, samimi, sakin bir hızla."
"141";"b9a1bfc0.mp3";"Yeni kostüm açıldı: Astronot Kaskı!";"Kutlama";"Neşeli, coşkulu, gülümseyerek."
"142";"ee2e340e.mp3";"İstanbul! Boğaz ve Galata. Biliyor muydun? İstanbul iki kıtada birden kurulu bir şehir: Avrupa ve Asya! Boğaz’daki köprüler iki kıtayı birleştirir. Galata Kulesi ise neredeyse yedi yüz yaşında.";"Durak bilgisi";"Merak uyandıran, hikâye anlatır gibi; yavaş ve net."
"143";"53304f93.mp3";"Süpersin! İstanbul damgasını kazandın!";"Kutlama";"Neşeli, coşkulu, gülümseyerek."
"144";"cec94f9c.mp3";"Kulenin tepesine bakalım! Parmak uçlarında yüksel, kollarını yukarı uzat!";"Hareket komutu";"Enerjik ama net; vücut parçasını vurgulayın (ör. ""DİZLERİNİ""). 6 yaş anlasın."
"145";"a29f6025.mp3";"Çanakkale! Truva Atı. Biliyor muydun? Truva Antik Kenti Çanakkale’de. Masala göre insanlar kocaman tahta bir atın içine saklanmış!";"Durak bilgisi";"Merak uyandıran, hikâye anlatır gibi; yavaş ve net."
"146";"89bd63b5.mp3";"Süpersin! Çanakkale damgasını kazandın!";"Kutlama";"Neşeli, coşkulu, gülümseyerek."
"147";"76d2a57d.mp3";"Truva Atı’na yetişelim! Yerinde hızlı hızlı koş!";"Hareket komutu";"Enerjik ama net; vücut parçasını vurgulayın (ör. ""DİZLERİNİ""). 6 yaş anlasın."
"148";"c3bc1fab.mp3";"Sıradaki durağımız Çanakkale!";"Yönlendirme";"Sıcak, samimi, sakin bir hızla."
"149";"9b111f7b.mp3";"Denizli! Pamukkale. Biliyor muydun? Pamukkale’nin bembeyaz basamakları kar gibi görünür ama kar değildir. Sıcak sudan oluşan taşlardır!";"Durak bilgisi";"Merak uyandıran, hikâye anlatır gibi; yavaş ve net."
"150";"aa2db45f.mp3";"Süpersin! Denizli damgasını kazandın!";"Kutlama";"Neşeli, coşkulu, gülümseyerek."
"151";"1e11fed9.mp3";"Beyaz basamaklardan inelim! Dizlerini kaldırarak yerinde yürü!";"Hareket komutu";"Enerjik ama net; vücut parçasını vurgulayın (ör. ""DİZLERİNİ""). 6 yaş anlasın."
"152";"6c73919d.mp3";"Sıradaki durağımız Denizli!";"Yönlendirme";"Sıcak, samimi, sakin bir hızla."
"153";"9ef913eb.mp3";"Nevşehir! Kapadokya. Biliyor muydun? Kapadokya’da peri bacaları denen sivri kayalar var. Sabahları gökyüzü rengârenk sıcak hava balonlarıyla dolar!";"Durak bilgisi";"Merak uyandıran, hikâye anlatır gibi; yavaş ve net."
"154";"9354a4cc.mp3";"Süpersin! Nevşehir damgasını kazandın!";"Kutlama";"Neşeli, coşkulu, gülümseyerek."
"155";"0c3186fe.mp3";"Balonlar havalanıyor! Önce çömel, sonra yavaşça yüksel ve kollarını aç!";"Hareket komutu";"Enerjik ama net; vücut parçasını vurgulayın (ör. ""DİZLERİNİ""). 6 yaş anlasın."
"156";"026caa12.mp3";"Sıradaki durağımız Nevşehir!";"Yönlendirme";"Sıcak, samimi, sakin bir hızla."
"157";"21a57cb5.mp3";"Adıyaman! Nemrut Dağı. Biliyor muydun? Nemrut Dağı’nın tepesinde kocaman taş heykel başları var. Bazıları senin boyundan bile büyük!";"Durak bilgisi";"Merak uyandıran, hikâye anlatır gibi; yavaş ve net."
"158";"821a91ee.mp3";"Süpersin! Adıyaman damgasını kazandın!";"Kutlama";"Neşeli, coşkulu, gülümseyerek."
"159";"2f79f98c.mp3";"Taş heykeller gibi olalım! Ellerini beline koy ve hiç kıpırdamadan dur!";"Hareket komutu";"Enerjik ama net; vücut parçasını vurgulayın (ör. ""DİZLERİNİ""). 6 yaş anlasın."
"160";"aea6e2e4.mp3";"Sıradaki durağımız Adıyaman!";"Yönlendirme";"Sıcak, samimi, sakin bir hızla."
"161";"0fd9adfc.mp3";"Şanlıurfa! Göbeklitepe. Biliyor muydun? Göbeklitepe dünyanın bilinen en eski yapılarından biri. On bir bin yıldan daha yaşlı, piramitlerden bile çok daha eski!";"Durak bilgisi";"Merak uyandıran, hikâye anlatır gibi; yavaş ve net."
"162";"d557a300.mp3";"Süpersin! Şanlıurfa damgasını kazandın!";"Kutlama";"Neşeli, coşkulu, gülümseyerek."
"163";"d2b1dda1.mp3";"Kocaman taşları kaldıralım! Çömel, taşı al ve yukarı kaldır!";"Hareket komutu";"Enerjik ama net; vücut parçasını vurgulayın (ör. ""DİZLERİNİ""). 6 yaş anlasın."
"164";"d47cda9c.mp3";"Sıradaki durağımız Şanlıurfa!";"Yönlendirme";"Sıcak, samimi, sakin bir hızla."
"165";"e97aa419.mp3";"Trabzon! Karadeniz. Biliyor muydun? Karadeniz’de insanlar el ele tutuşup horon oynar. Horonda ayaklar çok hızlı hareket eder!";"Durak bilgisi";"Merak uyandıran, hikâye anlatır gibi; yavaş ve net."
"166";"2cfbdd98.mp3";"Süpersin! Trabzon damgasını kazandın!";"Kutlama";"Neşeli, coşkulu, gülümseyerek."
"167";"0be795fa.mp3";"Horon zamanı! Kollarını kaldır, ayaklarını hızlı hızlı yere vur!";"Hareket komutu";"Enerjik ama net; vücut parçasını vurgulayın (ör. ""DİZLERİNİ""). 6 yaş anlasın."
"168";"293795f4.mp3";"Sıradaki durağımız Trabzon!";"Yönlendirme";"Sıcak, samimi, sakin bir hızla."
"169";"d428c9fe.mp3";"Efes! Artemis Tapınağı. Biliyor muydun? Efes’teki Artemis Tapınağı antik dünyanın yedi harikasından biriydi. Bugün sadece tek bir sütunu ayakta!";"Durak bilgisi";"Merak uyandıran, hikâye anlatır gibi; yavaş ve net."
"170";"c6f79f73.mp3";"Süpersin! Efes damgasını kazandın!";"Kutlama";"Neşeli, coşkulu, gülümseyerek."
"171";"468b4b14.mp3";"Tek sütun gibi olalım! Dimdik dur ve kollarını yukarı uzat!";"Hareket komutu";"Enerjik ama net; vücut parçasını vurgulayın (ör. ""DİZLERİNİ""). 6 yaş anlasın."
"172";"c9707883.mp3";"Roma! Kolezyum. Biliyor muydun? Kolezyum neredeyse iki bin yaşında kocaman bir stadyum. İçine elli bin kişi sığarmış!";"Durak bilgisi";"Merak uyandıran, hikâye anlatır gibi; yavaş ve net."
"173";"369afefd.mp3";"Süpersin! Roma damgasını kazandın!";"Kutlama";"Neşeli, coşkulu, gülümseyerek."
"174";"c6ea561f.mp3";"Dev stadyumda koşalım! Yerinde hızlı hızlı koş!";"Hareket komutu";"Enerjik ama net; vücut parçasını vurgulayın (ör. ""DİZLERİNİ""). 6 yaş anlasın."
"175";"4703ba39.mp3";"Sıradaki durağımız Roma!";"Yönlendirme";"Sıcak, samimi, sakin bir hızla."
"176";"66cb0cdd.mp3";"Mısır! Piramitler. Biliyor muydun? Büyük Piramit dört bin beş yüz yıl önce yapıldı. Milyonlarca kocaman taştan oluşuyor!";"Durak bilgisi";"Merak uyandıran, hikâye anlatır gibi; yavaş ve net."
"177";"7e8ceb80.mp3";"Süpersin! Mısır damgasını kazandın!";"Kutlama";"Neşeli, coşkulu, gülümseyerek."
"178";"ad967d37.mp3";"Piramit olalım! Ayaklarını aç ve ellerini başının üstünde birleştir!";"Hareket komutu";"Enerjik ama net; vücut parçasını vurgulayın (ör. ""DİZLERİNİ""). 6 yaş anlasın."
"179";"fe099638.mp3";"Sıradaki durağımız Mısır!";"Yönlendirme";"Sıcak, samimi, sakin bir hızla."
"180";"c5cf53b1.mp3";"Ürdün! Petra. Biliyor muydun? Petra’nın binaları pembe kayaların içine oyulmuş. Şehre dar bir kanyondan yürüyerek girilir!";"Durak bilgisi";"Merak uyandıran, hikâye anlatır gibi; yavaş ve net."
"181";"68e585a0.mp3";"Süpersin! Ürdün damgasını kazandın!";"Kutlama";"Neşeli, coşkulu, gülümseyerek."
"182";"1ded0f3e.mp3";"Dar kanyondan geçelim! Yana adım at, sonra ayaklarını birleştir!";"Hareket komutu";"Enerjik ama net; vücut parçasını vurgulayın (ör. ""DİZLERİNİ""). 6 yaş anlasın."
"183";"38204344.mp3";"Sıradaki durağımız Ürdün!";"Yönlendirme";"Sıcak, samimi, sakin bir hızla."
"184";"0a5ebd86.mp3";"Hindistan! Tac Mahal. Biliyor muydun? Tac Mahal bembeyaz mermerden yapılmış. Güneş batarken rengi pembeye döner!";"Durak bilgisi";"Merak uyandıran, hikâye anlatır gibi; yavaş ve net."
"185";"45e293d8.mp3";"Süpersin! Hindistan damgasını kazandın!";"Kutlama";"Neşeli, coşkulu, gülümseyerek."
"186";"31a10e4b.mp3";"Bahçede sessizce yürüyelim! Parmak uçlarında yürü!";"Hareket komutu";"Enerjik ama net; vücut parçasını vurgulayın (ör. ""DİZLERİNİ""). 6 yaş anlasın."
"187";"417c57c4.mp3";"Sıradaki durağımız Hindistan!";"Yönlendirme";"Sıcak, samimi, sakin bir hızla."
"188";"05f51fa7.mp3";"Çin! Çin Seddi. Biliyor muydun? Çin Seddi o kadar uzun ki baştan sona yürümek aylar sürer!";"Durak bilgisi";"Merak uyandıran, hikâye anlatır gibi; yavaş ve net."
"189";"63f73486.mp3";"Süpersin! Çin damgasını kazandın!";"Kutlama";"Neşeli, coşkulu, gülümseyerek."
"190";"72c6a318.mp3";"Uzun duvarda yürüyelim! Dizlerini kaldırarak yerinde yürü!";"Hareket komutu";"Enerjik ama net; vücut parçasını vurgulayın (ör. ""DİZLERİNİ""). 6 yaş anlasın."
"191";"70021c7a.mp3";"Sıradaki durağımız Çin!";"Yönlendirme";"Sıcak, samimi, sakin bir hızla."
"192";"30e54b74.mp3";"Peru! Machu Picchu. Biliyor muydun? Machu Picchu bulutların arasında, yüksek bir dağın tepesindeki bir şehir. Orada lamalar dolaşır!";"Durak bilgisi";"Merak uyandıran, hikâye anlatır gibi; yavaş ve net."
"193";"f50f19be.mp3";"Süpersin! Peru damgasını kazandın!";"Kutlama";"Neşeli, coşkulu, gülümseyerek."
"194";"59524b72.mp3";"Dağa tırmanalım! Bir dizini kaldır, öbür kolunu yukarı uzat! Sırayla!";"Hareket komutu";"Enerjik ama net; vücut parçasını vurgulayın (ör. ""DİZLERİNİ""). 6 yaş anlasın."
"195";"ce246758.mp3";"Sıradaki durağımız Peru!";"Yönlendirme";"Sıcak, samimi, sakin bir hızla."
"196";"c8f771e8.mp3";"Merkür! Merkür. Biliyor muydun? Merkür Güneş’e en yakın ve en hızlı gezegen. Güneş’in etrafını sadece 88 günde dolaşır!";"Durak bilgisi";"Merak uyandıran, hikâye anlatır gibi; yavaş ve net."
"197";"4f319f73.mp3";"Süpersin! Merkür damgasını kazandın!";"Kutlama";"Neşeli, coşkulu, gülümseyerek."
"198";"a346b801.mp3";"En hızlı gezegen Merkür! Yerinde hızlı hızlı koş!";"Hareket komutu";"Enerjik ama net; vücut parçasını vurgulayın (ör. ""DİZLERİNİ""). 6 yaş anlasın."
"199";"cee649af.mp3";"Venüs! Venüs. Biliyor muydun? Venüs gökyüzündeki en parlak gezegen. Kendi etrafında ters yöne döner!";"Durak bilgisi";"Merak uyandıran, hikâye anlatır gibi; yavaş ve net."
"200";"88d250b0.mp3";"Süpersin! Venüs damgasını kazandın!";"Kutlama";"Neşeli, coşkulu, gülümseyerek."
"201";"4d7e7070.mp3";"Venüs ters dönüyor! Kollarını aç, arkanı dön, sonra geri dön!";"Hareket komutu";"Enerjik ama net; vücut parçasını vurgulayın (ör. ""DİZLERİNİ""). 6 yaş anlasın."
"202";"a58b2ab0.mp3";"Sıradaki durağımız Venüs!";"Yönlendirme";"Sıcak, samimi, sakin bir hızla."
"203";"4a50423f.mp3";"Ay! Ay. Biliyor muydun? Ay’da yerçekimi Dünya’dakinden altı kat azdır. Orada çok yükseğe zıplayabilirsin!";"Durak bilgisi";"Merak uyandıran, hikâye anlatır gibi; yavaş ve net."
"204";"b406d106.mp3";"Süpersin! Ay damgasını kazandın!";"Kutlama";"Neşeli, coşkulu, gülümseyerek."
"205";"30f67967.mp3";"Ay’da her şey yavaş! Yavaş yavaş zıpla!";"Hareket komutu";"Enerjik ama net; vücut parçasını vurgulayın (ör. ""DİZLERİNİ""). 6 yaş anlasın."
"206";"cf681610.mp3";"Sıradaki durağımız Ay!";"Yönlendirme";"Sıcak, samimi, sakin bir hızla."
"207";"6bbaf256.mp3";"Mars! Mars. Biliyor muydun? Mars’a kırmızı gezegen denir. Güneş Sistemi’nin en yüksek dağı Olimpos, Mars’tadır!";"Durak bilgisi";"Merak uyandıran, hikâye anlatır gibi; yavaş ve net."
"208";"e970b0dd.mp3";"Süpersin! Mars damgasını kazandın!";"Kutlama";"Neşeli, coşkulu, gülümseyerek."
"209";"e0964caf.mp3";"Mars’taki dev dağa tırmanalım! Bir dizini kaldır, öbür kolunu uzat!";"Hareket komutu";"Enerjik ama net; vücut parçasını vurgulayın (ör. ""DİZLERİNİ""). 6 yaş anlasın."
"210";"d71ff4c1.mp3";"Sıradaki durağımız Mars!";"Yönlendirme";"Sıcak, samimi, sakin bir hızla."
"211";"1e620ba3.mp3";"Jüpiter! Jüpiter. Biliyor muydun? Jüpiter en büyük gezegen. İçine binden fazla Dünya sığar!";"Durak bilgisi";"Merak uyandıran, hikâye anlatır gibi; yavaş ve net."
"212";"e3cffff8.mp3";"Süpersin! Jüpiter damgasını kazandın!";"Kutlama";"Neşeli, coşkulu, gülümseyerek."
"213";"7c403799.mp3";"En büyük gezegen Jüpiter! Kollarını ve bacaklarını aç, kocaman ol!";"Hareket komutu";"Enerjik ama net; vücut parçasını vurgulayın (ör. ""DİZLERİNİ""). 6 yaş anlasın."
"214";"3fa07be8.mp3";"Sıradaki durağımız Jüpiter!";"Yönlendirme";"Sıcak, samimi, sakin bir hızla."
"215";"814e24c7.mp3";"Satürn! Satürn. Biliyor muydun? Satürn’ün buzdan ve kayadan yapılmış kocaman halkaları var!";"Durak bilgisi";"Merak uyandıran, hikâye anlatır gibi; yavaş ve net."
"216";"45a1d20c.mp3";"Süpersin! Satürn damgasını kazandın!";"Kutlama";"Neşeli, coşkulu, gülümseyerek."
"217";"09d4feb0.mp3";"Satürn’ün halkaları dönüyor! Ellerini beline koy, belini döndür!";"Hareket komutu";"Enerjik ama net; vücut parçasını vurgulayın (ör. ""DİZLERİNİ""). 6 yaş anlasın."
"218";"a9beb99e.mp3";"Sıradaki durağımız Satürn!";"Yönlendirme";"Sıcak, samimi, sakin bir hızla."
"219";"dedb5e42.mp3";"Uranüs! Uranüs. Biliyor muydun? Uranüs yan yatmış hâlde döner, sanki yuvarlanan bir top gibi!";"Durak bilgisi";"Merak uyandıran, hikâye anlatır gibi; yavaş ve net."
"220";"d8eb5835.mp3";"Süpersin! Uranüs damgasını kazandın!";"Kutlama";"Neşeli, coşkulu, gülümseyerek."
"221";"0cb18b75.mp3";"Yan yatan gezegen Uranüs! Kollarını kaldır, bir yana eğil, sonra öbür yana!";"Hareket komutu";"Enerjik ama net; vücut parçasını vurgulayın (ör. ""DİZLERİNİ""). 6 yaş anlasın."
"222";"95559739.mp3";"Sıradaki durağımız Uranüs!";"Yönlendirme";"Sıcak, samimi, sakin bir hızla."
"223";"9bf1e373.mp3";"Neptün! Neptün. Biliyor muydun? Neptün en uzak gezegen. Orada çok güçlü rüzgârlar eser!";"Durak bilgisi";"Merak uyandıran, hikâye anlatır gibi; yavaş ve net."
"224";"f2e847eb.mp3";"Süpersin! Neptün damgasını kazandın!";"Kutlama";"Neşeli, coşkulu, gülümseyerek."
"225";"be642ec2.mp3";"Neptün’de rüzgâr esiyor! Kollarını kaldır, sağa sola salla!";"Hareket komutu";"Enerjik ama net; vücut parçasını vurgulayın (ör. ""DİZLERİNİ""). 6 yaş anlasın."
"226";"da9e714b.mp3";"Sıradaki durağımız Neptün!";"Yönlendirme";"Sıcak, samimi, sakin bir hızla."
"227";"b9e9912b.mp3";"Harika gezgin! 1 damga topladın!";"Kutlama";"Neşeli, coşkulu, gülümseyerek."
"228";"57e3b742.mp3";"Harika gezgin! 2 damga topladın!";"Kutlama";"Neşeli, coşkulu, gülümseyerek."
"229";"4d148095.mp3";"Harika gezgin! 3 damga topladın!";"Kutlama";"Neşeli, coşkulu, gülümseyerek."
"230";"fbf339f4.mp3";"Harika gezgin! 4 damga topladın!";"Kutlama";"Neşeli, coşkulu, gülümseyerek."
"231";"e01f38f7.mp3";"Harika gezgin! 5 damga topladın!";"Kutlama";"Neşeli, coşkulu, gülümseyerek."
"232";"434d2b5e.mp3";"Harika gezgin! 6 damga topladın!";"Kutlama";"Neşeli, coşkulu, gülümseyerek."
"233";"ac678541.mp3";"Harika gezgin! 7 damga topladın!";"Kutlama";"Neşeli, coşkulu, gülümseyerek."
"234";"82b4fd60.mp3";"Harika gezgin! 8 damga topladın!";"Kutlama";"Neşeli, coşkulu, gülümseyerek."
"235";"a10daad3.mp3";"Harika gezgin! 9 damga topladın!";"Kutlama";"Neşeli, coşkulu, gülümseyerek."
"236";"10b129e5.mp3";"Harika gezgin! 10 damga topladın!";"Kutlama";"Neşeli, coşkulu, gülümseyerek."
"237";"d79ae3d2.mp3";"Harika gezgin! 11 damga topladın!";"Kutlama";"Neşeli, coşkulu, gülümseyerek."
"238";"e394a2bb.mp3";"Harika gezgin! 12 damga topladın!";"Kutlama";"Neşeli, coşkulu, gülümseyerek."
"239";"d67ab628.mp3";"Harika gezgin! 13 damga topladın!";"Kutlama";"Neşeli, coşkulu, gülümseyerek."
"240";"64f83411.mp3";"Harika gezgin! 14 damga topladın!";"Kutlama";"Neşeli, coşkulu, gülümseyerek."
"241";"4eb64dee.mp3";"Harika gezgin! 15 damga topladın!";"Kutlama";"Neşeli, coşkulu, gülümseyerek."
"242";"13fcf747.mp3";"Harika gezgin! 16 damga topladın!";"Kutlama";"Neşeli, coşkulu, gülümseyerek."
"243";"5cdddb04.mp3";"Harika gezgin! 17 damga topladın!";"Kutlama";"Neşeli, coşkulu, gülümseyerek."
"244";"884cb8ed.mp3";"Harika gezgin! 18 damga topladın!";"Kutlama";"Neşeli, coşkulu, gülümseyerek."
"245";"ce8c21da.mp3";"Harika gezgin! 19 damga topladın!";"Kutlama";"Neşeli, coşkulu, gülümseyerek."
"246";"75501cde.mp3";"Harika gezgin! 20 damga topladın!";"Kutlama";"Neşeli, coşkulu, gülümseyerek."
"247";"439d4ac1.mp3";"Harika gezgin! 21 damga topladın!";"Kutlama";"Neşeli, coşkulu, gülümseyerek."
"248";"9328ff74.mp3";"Harika gezgin! 22 damga topladın!";"Kutlama";"Neşeli, coşkulu, gülümseyerek."
